persona_id,enrollment_id,gender,match_score,result_match,engagement_match,n_weeks,rank,shared_enrollment
P0001,528971_DDD_2013J,F,0.988,True,True,38,1,False
P0002,2251500_BBB_2014J,M,0.94,True,True,38,1,False
P0003,2471673_DDD_2014J,M,0.9835,True,True,38,1,False
P0004,6516_AAA_2014J,M,0.993,True,True,39,1,False
P0005,628329_BBB_2014B,M,0.9954,True,True,34,1,False
P0006,358001_BBB_2014J,F,0.9991,True,True,38,1,False
P0007,635325_EEE_2014J,M,0.9942,True,True,39,1,False
P0008,568118_GGG_2013J,F,0.8548,True,True,38,1,False
P0009,629240_BBB_2014B,F,0.9653,True,True,34,1,False
P0010,598226_GGG_2013J,F,0.9984,True,True,38,1,False
P0011,471925_BBB_2014B,M,0.8188,True,True,34,1,False
P0012,551252_BBB_2014B,F,0.9163,True,True,34,1,False
P0013,628545_GGG_2014B,F,0.9812,True,True,35,1,False
P0014,532335_BBB_2013J,F,0.9982,True,True,39,1,False
P0015,2421609_DDD_2013B,M,0.9997,True,True,35,1,False
P0016,574065_BBB_2013J,F,0.9012,True,True,39,1,False
P0017,564906_BBB_2014B,M,0.9891,True,True,34,1,False
P0018,620484_CCC_2014J,M,0.7996,True,True,39,1,False
P0019,549196_BBB_2013B,F,0.9618,True,True,35,1,False
P0020,572274_FFF_2013J,F,0.9991,True,True,39,1,False
P0021,612721_BBB_2014B,F,0.9793,True,True,34,1,False
P0022,564213_CCC_2014J,M,0.9985,True,True,39,1,False
P0023,411549_DDD_2014J,F,0.7963,True,True,38,2,False
P0024,31600_AAA_2014J,F,0.999,True,True,39,1,False
P0025,581716_EEE_2013J,F,0.9981,True,True,39,1,False
P0026,652886_BBB_2014J,M,0.9893,True,True,38,1,False
P0027,648117_GGG_2014J,M,0.9971,True,True,39,1,False
P0028,681938_FFF_2014J,M,0.997,True,True,39,1,False
P0029,597755_CCC_2014J,M,0.9973,True,True,39,1,False
P0030,595769_FFF_2013J,M,0.9837,True,True,39,1,False
P0031,629198_GGG_2014B,M,0.9941,True,True,35,1,False
P0032,679886_CCC_2014J,M,0.998,True,True,39,1,False
P0033,622208_BBB_2014B,F,0.9855,True,True,34,1,False
P0034,2301511_DDD_2014B,F,0.8469,True,True,35,1,False
P0035,520349_DDD_2014J,M,0.8404,True,True,38,1,False
P0036,609891_FFF_2014B,M,0.9893,True,True,35,1,False
P0037,2522932_DDD_2013J,F,0.9872,True,True,38,1,False
P0038,634853_CCC_2014J,M,0.9466,True,True,39,1,False
P0039,543648_DDD_2013J,F,0.9875,True,True,38,1,False
P0040,540005_BBB_2013J,F,0.9908,True,True,39,1,False
P0041,601346_BBB_2013J,F,0.9894,True,True,39,1,False
P0042,616354_BBB_2014B,F,0.9957,True,True,34,1,False
P0043,2688495_BBB_2014J,F,0.9964,True,True,38,1,False
P0044,394331_BBB_2014B,F,0.8957,True,True,34,2,False
P0045,2624720_DDD_2013B,F,0.7999,True,True,35,1,False
P0046,625919_BBB_2014B,F,0.9198,True,True,34,2,False
P0047,345440_AAA_2014J,M,0.9983,True,True,39,1,False
P0048,612517_BBB_2013J,F,0.9864,True,True,39,1,False
P0049,589302_BBB_2013J,F,0.948,True,True,39,2,False
P0050,546195_BBB_2013J,M,0.9886,True,True,39,1,False
P0051,615443_BBB_2014B,F,0.9971,True,True,34,1,False
P0052,598842_DDD_2013J,M,0.9956,True,True,38,1,False
P0053,646085_FFF_2014J,F,0.9961,True,True,39,1,False
P0054,2481629_DDD_2014J,M,0.7998,True,True,38,1,False
P0055,633685_GGG_2014B,F,0.998,True,True,35,1,False
P0056,325497_DDD_2013J,F,0.7999,True,True,38,1,False
P0057,554476_FFF_2013B,M,0.9986,True,True,35,1,False
P0058,92947_BBB_2013B,F,0.9962,True,True,35,1,False
P0059,612319_GGG_2014B,M,0.9981,True,True,35,1,False
P0060,554004_BBB_2014B,M,0.8703,True,True,34,2,False
P0061,2194100_AAA_2013J,F,0.9981,True,True,39,1,False
P0062,607947_EEE_2013J,M,0.9985,True,True,39,1,False
P0063,1777834_CCC_2014J,F,0.9824,True,True,39,1,False
P0064,577824_BBB_2013J,F,0.8925,True,True,39,2,False
P0065,2680885_BBB_2013J,F,0.9388,True,True,39,2,False
P0066,584550_FFF_2013J,F,0.9951,True,True,39,1,False
P0067,602448_BBB_2014J,F,0.9792,True,True,38,1,False
P0068,537962_DDD_2013J,M,0.998,True,True,38,1,False
P0069,206003_BBB_2014B,F,0.873,True,True,34,2,False
P0070,646413_CCC_2014J,F,0.9965,True,True,39,1,False
P0071,545164_FFF_2014J,M,0.9993,True,True,39,1,False
P0072,534652_BBB_2013B,F,0.9901,True,True,35,1,False
P0073,682480_BBB_2014J,F,0.9867,True,True,38,1,False
P0074,608000_BBB_2013J,M,0.9982,True,True,39,1,False
P0075,515497_BBB_2013B,F,0.9996,True,True,35,1,False
P0076,615429_FFF_2014B,M,0.9954,True,True,35,1,False
P0077,612183_EEE_2013J,M,0.9991,True,True,39,1,False
P0078,99075_DDD_2014J,M,0.8038,True,True,38,2,False
P0079,2396985_CCC_2014J,M,0.7995,True,True,39,1,False
P0080,679127_GGG_2014J,M,0.8506,True,True,39,1,False
P0081,632704_BBB_2014B,F,0.9042,True,True,34,1,False
P0082,626252_CCC_2014B,F,0.9916,True,True,35,1,False
P0083,684241_DDD_2014J,M,0.8851,True,True,38,1,False
P0084,635052_GGG_2014B,F,0.999,True,True,35,1,False
P0085,605886_FFF_2013J,F,0.9878,True,True,39,1,False
P0086,601010_BBB_2014B,M,0.9246,True,True,34,2,False
P0087,596027_FFF_2013J,M,0.9992,True,True,39,1,False
P0088,520751_DDD_2013B,F,0.9974,True,True,35,1,False
P0089,596071_GGG_2013J,M,0.9996,True,True,38,1,False
P0090,610828_DDD_2014J,M,0.8802,True,True,38,3,False
P0091,576780_CCC_2014B,M,0.9928,True,True,35,1,False
P0092,620437_DDD_2014B,F,0.989,True,True,35,1,False
P0093,618124_FFF_2014B,M,0.997,True,True,35,1,False
P0094,469624_DDD_2014J,M,0.8988,True,True,38,1,False
P0095,1851108_CCC_2014J,M,0.9902,True,True,39,1,False
P0096,497994_DDD_2013J,M,0.9404,True,True,38,1,False
P0097,697045_DDD_2014J,M,0.9979,True,True,38,1,False
P0098,551274_BBB_2013B,F,0.9988,True,True,35,1,False
P0099,2558071_CCC_2014J,M,0.7999,True,True,39,1,False
P0100,518223_BBB_2013J,M,0.9491,True,True,39,1,False
P0101,327940_BBB_2014J,F,0.9628,True,True,38,1,False
P0102,625077_CCC_2014B,M,0.9993,True,True,35,1,False
P0103,131390_AAA_2014J,M,0.9769,True,True,39,2,False
P0104,648262_BBB_2014J,F,0.9982,True,True,38,1,False
P0105,645792_DDD_2014J,M,0.8111,True,True,38,2,False
P0106,578034_CCC_2014B,M,0.8183,True,True,35,3,False
P0107,520006_BBB_2013J,F,0.9218,True,True,39,2,False
P0108,543475_CCC_2014B,M,0.9992,True,True,35,1,False
P0109,602779_BBB_2014J,F,0.999,True,True,38,1,False
P0110,607866_FFF_2014J,M,0.9986,True,True,39,1,False
P0111,2602486_DDD_2013B,F,0.7998,True,True,35,1,False
P0112,618015_FFF_2014B,F,0.9961,True,True,35,1,False
P0113,378825_DDD_2013J,M,0.9974,True,True,38,1,False
P0114,630634_FFF_2014B,M,0.9982,True,True,35,1,False
P0115,436898_DDD_2014J,F,0.9933,True,True,38,1,False
P0116,606586_BBB_2014J,F,0.9924,True,True,38,1,False
P0117,1100143_FFF_2013J,M,0.7999,True,True,39,2,False
P0118,392664_DDD_2013J,F,0.7997,True,True,38,1,False
P0119,635244_BBB_2014B,M,0.8341,True,True,34,3,False
P0120,621716_GGG_2014B,F,0.999,True,True,35,1,False
P0121,656540_BBB_2014J,M,0.999,True,True,38,1,False
P0122,61227_CCC_2014J,F,0.9953,True,True,39,1,False
P0123,545697_BBB_2013B,F,0.9043,True,True,35,1,False
P0124,635170_DDD_2014J,F,0.9972,True,True,38,1,False
P0125,640773_DDD_2014J,M,0.9818,True,True,38,4,False
P0126,566381_DDD_2013J,F,0.9786,True,True,38,1,False
P0127,626454_FFF_2014J,F,0.9973,True,True,39,1,False
P0128,488525_FFF_2014J,M,0.9992,True,True,39,1,False
P0129,494789_BBB_2013J,F,0.8799,True,True,39,2,False
P0130,2213424_BBB_2014B,F,0.9482,True,True,34,2,False
P0131,546547_FFF_2013J,F,0.9957,True,True,39,1,False
P0132,526417_FFF_2013B,F,0.8,True,True,35,1,False
P0133,1877634_BBB_2014B,F,0.9992,True,True,34,1,False
P0134,540947_DDD_2013J,M,0.9975,True,True,38,1,False
P0135,551245_FFF_2013J,F,0.9986,True,True,39,1,False
P0136,1747824_DDD_2014J,M,0.97,True,True,38,1,False
P0137,2596621_AAA_2014J,M,0.7999,True,True,39,1,False
P0138,390556_DDD_2014J,M,0.8986,True,True,38,1,False
P0139,1431750_BBB_2014B,M,0.98,True,True,34,1,False
P0140,650850_CCC_2014J,F,0.9983,True,True,39,1,False
P0141,305535_DDD_2013J,M,0.9983,True,True,38,1,False
P0142,630935_DDD_2014B,M,0.9992,True,True,35,1,False
P0143,645216_CCC_2014J,M,0.9968,True,True,39,1,False
P0144,1797614_BBB_2013B,M,0.8404,True,True,35,1,False
P0145,687244_DDD_2014J,M,0.9959,True,True,38,1,False
P0146,632929_CCC_2014J,M,0.9982,True,True,39,1,False
P0147,2619496_DDD_2014B,M,0.9959,True,True,35,1,False
P0148,1173473_DDD_2014J,M,0.9992,True,True,38,1,False
P0149,513077_BBB_2014B,F,0.8187,True,True,34,2,False
P0150,545211_DDD_2013J,M,0.9979,True,True,38,1,False
P0151,566300_DDD_2014J,M,0.9983,True,True,38,1,False
P0152,553220_FFF_2013B,M,0.9852,True,True,35,1,False
P0153,153170_DDD_2014J,F,0.9912,True,True,38,1,False
P0154,423398_BBB_2014J,F,0.7997,True,True,38,1,False
P0155,614629_BBB_2014B,M,0.9506,True,True,34,4,False
P0156,588203_DDD_2014J,M,0.9981,True,True,38,1,False
P0157,557237_DDD_2014J,M,0.9063,True,True,38,1,False
P0158,604942_BBB_2013J,F,0.996,True,True,39,1,False
P0159,549790_FFF_2013B,M,0.9996,True,True,35,1,False
P0160,2612342_DDD_2014J,F,0.8306,True,True,38,2,False
P0161,575282_FFF_2013J,F,0.991,True,True,39,1,False
P0162,553367_DDD_2014J,M,0.9573,True,True,38,3,False
P0163,76579_EEE_2014J,F,0.9952,True,True,39,1,False
P0164,487681_BBB_2013J,F,0.8432,True,True,39,3,False
P0165,560784_CCC_2014J,M,0.9831,True,True,39,1,False
P0166,182661_BBB_2013J,F,0.9833,True,True,39,2,False
P0167,694673_DDD_2014J,F,0.9461,True,True,38,1,False
P0168,353804_CCC_2014B,M,0.905,True,True,35,2,False
P0169,2232340_DDD_2014J,M,0.7987,True,True,38,2,False
P0170,684050_EEE_2014J,M,0.9976,True,True,39,1,False
P0171,2341415_FFF_2013B,F,0.9991,True,True,35,1,False
P0172,1829654_BBB_2014B,F,0.7997,True,True,34,1,False
P0173,597253_GGG_2013J,F,0.9968,True,True,38,1,False
P0174,370089_DDD_2014J,M,0.9977,True,True,38,1,False
P0175,547287_CCC_2014B,M,0.9989,True,True,35,1,False
P0176,579257_FFF_2013J,M,0.9986,True,True,39,1,False
P0177,423652_BBB_2014B,F,0.9957,True,True,34,1,False
P0178,632463_DDD_2014B,F,0.9409,True,True,35,2,False
P0179,597529_DDD_2014J,M,0.8017,True,True,38,3,False
P0180,688199_GGG_2014J,F,0.9806,True,True,39,2,False
P0181,40563_DDD_2013J,F,0.9986,True,True,38,1,False
P0182,609985_FFF_2013J,M,0.9953,True,True,39,1,False
P0183,145490_CCC_2014J,M,0.9994,True,True,39,1,False
P0184,674777_BBB_2014J,F,0.9584,True,True,38,1,False
P0185,629777_GGG_2014B,F,0.9557,True,True,35,3,False
P0186,648476_BBB_2014J,F,0.9989,True,True,38,1,False
P0187,685206_CCC_2014J,M,0.9969,True,True,39,1,False
P0188,624156_CCC_2014J,M,0.7963,True,True,39,2,False
P0189,423607_CCC_2014J,M,0.9975,True,True,39,1,False
P0190,561734_DDD_2013J,M,0.9402,True,True,38,2,False
P0191,311917_AAA_2013J,M,0.7999,True,True,39,1,False
P0192,633368_DDD_2014B,F,0.9983,True,True,35,1,False
P0193,2432655_DDD_2014J,M,0.8014,True,True,38,3,False
P0194,602830_EEE_2014J,M,0.9981,True,True,39,1,False
P0195,607555_CCC_2014J,M,0.9969,True,True,39,1,False
P0196,591958_EEE_2013J,M,0.9994,True,True,39,1,False
P0197,651598_FFF_2014J,F,0.9844,True,True,39,1,False
P0198,350156_AAA_2014J,M,0.9971,True,True,39,1,False
P0199,684407_DDD_2014J,M,0.8782,True,True,38,1,False
P0200,110175_AAA_2013J,M,0.9989,True,True,39,1,False
P0201,634106_DDD_2014B,M,0.9722,True,True,35,4,False
P0202,654369_GGG_2014J,M,0.9995,True,True,39,1,False
P0203,677089_CCC_2014J,F,0.9882,True,True,39,1,False
P0204,160310_FFF_2013J,F,0.9802,True,True,39,1,False
P0205,204505_DDD_2013J,M,0.9922,True,True,38,1,False
P0206,506804_BBB_2013J,F,0.8282,True,True,39,2,False
P0207,511309_FFF_2014J,M,0.9978,True,True,39,1,False
P0208,676169_BBB_2014J,F,0.9408,True,True,38,6,False
P0209,473896_FFF_2013J,M,0.9849,True,True,39,1,False
P0210,687930_FFF_2014J,F,0.9888,True,True,39,1,False
P0211,295075_AAA_2014J,M,0.9979,True,True,39,1,False
P0212,595354_FFF_2013J,F,0.9644,True,True,39,1,False
P0213,681799_DDD_2014J,M,0.8918,True,True,38,2,False
P0214,51576_FFF_2013J,F,0.9868,True,True,39,1,False
P0215,367535_BBB_2014B,F,0.8132,True,True,34,1,False
P0216,469579_BBB_2014J,M,0.9342,True,True,38,2,False
P0217,553856_BBB_2013J,M,0.9491,True,True,39,4,False
P0218,499246_DDD_2013B,F,0.9987,True,True,35,1,False
P0219,420388_DDD_2013B,F,0.9956,True,True,35,1,False
P0220,268301_BBB_2014B,M,0.9973,True,True,34,1,False
P0221,603469_DDD_2013J,F,0.9979,True,True,38,1,False
P0222,558629_DDD_2014B,M,0.7962,True,True,35,1,False
P0223,592051_CCC_2014B,M,0.8223,True,True,35,3,False
P0224,592634_FFF_2013J,M,0.799,True,True,39,1,False
P0225,591581_FFF_2013J,M,0.9939,True,True,39,1,False
P0226,602604_GGG_2013J,F,0.9907,True,True,38,1,False
P0227,595649_FFF_2013J,M,0.9997,True,True,39,1,False
P0228,1577134_DDD_2013B,F,0.7983,True,True,35,2,False
P0229,531924_DDD_2013B,F,0.9981,True,True,35,1,False
P0230,325308_BBB_2014B,F,0.8894,True,True,34,5,False
P0231,586416_BBB_2013J,F,0.8179,True,True,39,3,False
P0232,569974_GGG_2013J,F,0.9139,True,True,38,1,False
P0233,576251_CCC_2014J,M,0.9957,True,True,39,1,False
P0234,570529_GGG_2013J,M,0.8995,True,True,38,6,False
P0235,2134578_DDD_2014J,F,0.9535,True,True,38,5,False
P0236,656010_EEE_2014J,M,0.9972,True,True,39,1,False
P0237,577520_DDD_2014J,M,0.8203,True,True,38,3,False
P0238,644061_GGG_2014J,F,0.9981,True,True,39,1,False
P0239,614745_BBB_2014B,M,0.9862,True,True,34,2,False
P0240,676151_BBB_2014J,F,0.9918,True,True,38,1,False
P0241,2526784_BBB_2014B,F,0.8708,True,True,34,2,False
P0242,299473_DDD_2013J,M,0.9982,True,True,38,1,False
P0243,577273_CCC_2014B,F,0.9955,True,True,35,1,False
P0244,627550_BBB_2014B,F,0.8219,True,True,34,3,False
P0245,641744_DDD_2014J,F,0.8488,True,True,38,3,False
P0246,243025_DDD_2014J,F,0.9811,True,True,38,1,False
P0247,147168_FFF_2013B,M,0.7999,True,True,35,1,False
P0248,568539_GGG_2013J,F,0.8785,True,True,38,1,False
P0249,2381845_DDD_2013B,F,0.9688,True,True,35,7,False
P0250,626217_DDD_2014B,F,0.9178,True,True,35,1,False
P0251,379528_EEE_2013J,M,0.9976,True,True,39,1,False
P0252,550792_FFF_2013B,F,0.7988,True,True,35,1,False
P0253,2691100_BBB_2013J,F,0.9085,True,True,39,2,False
P0254,591588_GGG_2013J,M,0.8829,True,True,38,2,False
P0255,606884_DDD_2014B,F,0.9453,True,True,35,3,False
P0256,534133_BBB_2013J,F,0.7999,True,True,39,2,False
P0257,160300_CCC_2014B,M,0.9978,True,True,35,1,False
P0258,582320_DDD_2013J,F,0.9972,True,True,38,1,False
P0259,1696174_DDD_2013B,M,0.998,True,True,35,1,False
P0260,525246_EEE_2013J,M,0.996,True,True,39,1,False
P0261,630900_DDD_2014J,M,0.8608,True,True,38,2,False
P0262,2613331_CCC_2014B,M,0.9965,True,True,35,1,False
P0263,2434369_DDD_2013J,F,0.8,True,True,38,1,False
P0264,552914_BBB_2013B,F,0.7997,True,True,35,2,False
P0265,681923_DDD_2014J,F,0.8959,True,True,38,10,False
P0266,604110_GGG_2013J,M,0.9167,True,True,38,3,False
P0267,248716_BBB_2013J,F,0.9376,True,True,39,6,False
P0268,628008_DDD_2014B,M,0.9986,True,True,35,1,False
P0269,556858_CCC_2014B,F,0.9989,True,True,35,1,False
P0270,255747_DDD_2013B,F,0.9936,True,True,35,2,False
P0271,138704_DDD_2014B,M,0.9965,True,True,35,1,False
P0272,630597_BBB_2014J,F,0.977,True,True,38,1,False
P0273,685294_DDD_2014J,M,0.8357,True,True,38,2,False
P0274,305036_EEE_2013J,M,0.9976,True,True,39,1,False
P0275,537162_BBB_2013B,F,0.9982,True,True,35,1,False
P0276,557020_FFF_2013J,M,0.9876,True,True,39,1,False
P0277,493984_DDD_2014B,F,0.7975,True,False,35,1,False
P0278,695049_BBB_2014J,M,0.9376,True,True,38,1,False
P0279,549626_FFF_2013B,F,0.9892,True,True,35,1,False
P0280,420762_DDD_2014J,M,0.8573,True,True,38,2,False
P0281,383541_FFF_2013B,M,0.7999,True,True,35,2,False
P0282,647479_CCC_2014J,F,0.9721,True,True,39,3,False
P0283,632959_GGG_2014B,M,0.9953,True,True,35,1,False
P0284,582390_BBB_2013J,F,0.8885,True,True,39,1,False
P0285,553528_FFF_2013B,F,0.9894,True,True,35,1,False
P0286,586995_BBB_2014B,F,0.9948,True,True,34,1,False
P0287,633193_BBB_2014B,F,0.9961,True,True,34,1,False
P0288,623765_FFF_2014J,F,0.9937,True,True,39,1,False
P0289,606517_BBB_2014J,F,0.997,True,True,38,1,False
P0290,613170_BBB_2014B,F,0.8231,True,True,34,2,False
P0291,623812_GGG_2014J,F,0.989,True,True,39,1,False
P0292,266331_BBB_2013J,F,0.9155,True,True,39,4,False
P0293,576738_BBB_2014B,F,0.9797,True,True,34,4,False
P0294,129989_DDD_2014J,M,0.8886,True,True,38,5,False
P0295,511515_BBB_2013B,F,0.7996,True,True,35,3,False
P0296,651238_FFF_2014J,M,0.9853,True,True,39,2,False
P0297,133816_AAA_2014J,F,0.7999,True,True,39,1,False
P0298,634940_EEE_2014J,M,0.9972,True,True,39,1,False
P0299,324084_AAA_2013J,F,0.9902,True,True,39,1,False
P0300,623989_EEE_2014J,M,0.9968,True,True,39,1,False
P0301,363416_BBB_2013B,F,0.9982,True,True,35,1,False
P0302,644226_GGG_2014J,M,0.994,True,True,39,1,False
P0303,575039_CCC_2014J,M,0.9818,True,True,39,1,False
P0304,231572_DDD_2013J,M,0.9972,True,True,38,1,False
P0305,575967_CCC_2014B,M,0.9974,True,True,35,1,False
P0306,514913_FFF_2013B,M,0.9977,True,True,35,1,False
P0307,553840_BBB_2013B,F,0.993,True,True,35,1,False
P0308,445785_DDD_2013J,F,0.9986,True,True,38,1,False
P0309,693907_FFF_2014J,F,0.9973,True,True,39,1,False
P0310,601956_DDD_2014B,M,0.8543,True,True,35,3,False
P0311,228784_BBB_2014B,F,0.8069,True,True,34,4,False
P0312,2149735_FFF_2013J,F,0.9977,True,True,39,1,False
P0313,415216_BBB_2013J,F,0.9979,True,True,39,1,False
P0314,519969_FFF_2013B,F,0.9969,True,True,35,1,False
P0315,473102_FFF_2013B,F,0.992,True,True,35,1,False
P0316,585779_BBB_2013J,F,0.9939,True,True,39,1,False
P0317,625283_DDD_2014J,M,0.815,True,True,38,3,False
P0318,574259_EEE_2013J,M,0.995,True,True,39,1,False
P0319,596390_BBB_2013J,F,0.9974,True,True,39,1,False
P0320,579549_BBB_2013J,F,0.9995,True,True,39,1,False
P0321,2449819_FFF_2013J,M,0.9993,True,True,39,1,False
P0322,572880_DDD_2014J,F,0.8974,True,True,38,2,False
P0323,493186_BBB_2013B,F,0.8229,True,True,35,8,False
P0324,363396_BBB_2014B,F,0.8261,True,True,34,2,False
P0325,690733_DDD_2014J,M,0.8,True,True,38,1,False
P0326,590920_DDD_2014J,F,0.8835,True,True,38,8,False
P0327,92832_BBB_2013B,F,0.9949,True,True,35,1,False
P0328,294219_FFF_2014J,F,0.991,True,True,39,1,False
P0329,628347_DDD_2014B,F,0.8615,True,True,35,8,False
P0330,614241_DDD_2014B,F,0.9984,True,True,35,1,False
P0331,277729_DDD_2013J,M,0.9986,True,True,38,1,False
P0332,656607_FFF_2014J,F,0.9983,True,True,39,1,False
P0333,633493_CCC_2014B,M,0.9949,True,True,35,1,False
P0334,2525964_DDD_2014J,M,0.9951,True,True,38,1,False
P0335,679342_FFF_2014J,M,0.9903,True,True,39,1,False
P0336,411549_CCC_2014J,F,0.9878,True,True,39,1,False
P0337,634280_BBB_2014B,M,0.8131,True,True,34,5,False
P0338,685338_GGG_2014J,F,0.9972,True,True,39,1,False
P0339,537577_DDD_2014J,M,0.9856,True,True,38,1,False
P0340,685060_EEE_2014J,M,0.9991,True,True,39,1,False
P0341,100561_DDD_2014J,M,0.8245,True,True,38,8,False
P0342,558373_BBB_2013B,M,0.9802,True,True,35,5,False
P0343,686001_CCC_2014J,M,0.9956,True,True,39,1,False
P0344,1894634_DDD_2013J,M,0.9987,True,True,38,1,False
P0345,2614277_FFF_2013J,F,0.9986,True,True,39,1,False
P0346,591111_FFF_2014B,M,0.9963,True,True,35,1,False
P0347,539670_BBB_2013J,M,0.9737,True,True,39,2,False
P0348,114500_FFF_2013J,M,0.979,True,True,39,1,False
P0349,259951_DDD_2013J,F,0.9966,True,True,38,1,False
P0350,591581_FFF_2014J,M,0.7998,True,True,39,3,False
P0351,633763_DDD_2014B,M,0.9965,True,True,35,1,False
P0352,524845_FFF_2013J,F,0.9851,True,True,39,1,False
P0353,523762_CCC_2014J,M,0.903,True,True,39,5,False
P0354,492357_CCC_2014J,M,0.9934,True,True,39,1,False
P0355,696132_DDD_2014J,M,0.8821,True,True,38,9,False
P0356,675042_BBB_2014J,F,0.9989,True,True,38,1,False
P0357,566240_DDD_2014B,M,0.9467,True,True,35,8,False
P0358,605759_DDD_2014J,M,0.9989,True,True,38,1,False
P0359,547581_FFF_2013B,M,0.8,True,True,35,1,False
P0360,476201_BBB_2013B,M,0.9941,True,True,35,2,False
P0361,649654_BBB_2014J,F,0.9987,True,True,38,1,False
P0362,523905_BBB_2014J,F,0.9967,True,True,38,1,False
P0363,2583791_BBB_2013J,F,0.9975,True,True,39,1,False
P0364,595185_GGG_2013J,F,0.9736,True,True,38,3,False
P0365,685950_CCC_2014J,M,0.9881,True,True,39,1,False
P0366,630859_FFF_2014B,M,0.9973,True,True,35,1,False
P0367,535794_DDD_2013J,F,0.9831,True,True,38,1,False
P0368,698420_BBB_2014J,F,0.9973,True,True,38,1,False
P0369,344367_DDD_2013B,M,0.9931,True,True,35,1,False
P0370,634976_BBB_2014B,M,0.9902,True,True,34,1,False
P0371,88490_DDD_2014B,M,0.9969,True,True,35,1,False
P0372,364871_BBB_2013J,F,0.9391,True,True,39,9,False
P0373,694361_EEE_2014J,M,0.9981,True,True,39,1,False
P0374,608745_DDD_2013J,M,0.8,True,True,38,1,False
P0375,677216_GGG_2014J,M,0.9889,True,True,39,2,False
P0376,599836_BBB_2013J,F,0.9565,True,True,39,9,False
P0377,525974_BBB_2013J,F,0.9966,True,True,39,1,False
P0378,620231_CCC_2014J,M,0.9975,True,True,39,1,False
P0379,89778_BBB_2014B,M,0.9022,True,True,34,3,False
P0380,600991_FFF_2013J,M,0.9982,True,True,39,1,False
P0381,639028_FFF_2014J,F,0.9935,True,True,39,1,False
P0382,583970_BBB_2013J,F,0.9973,True,True,39,1,False
P0383,580860_GGG_2013J,F,0.9977,True,True,38,1,False
P0384,545962_FFF_2014J,F,0.9954,True,True,39,1,False
P0385,2261142_DDD_2014B,F,0.8441,True,True,35,12,False
P0386,571554_BBB_2013J,M,0.8991,True,True,39,4,False
P0387,619483_GGG_2014B,F,0.8681,True,True,35,6,False
P0388,517778_BBB_2013B,F,0.9997,True,True,35,1,False
P0389,572515_EEE_2013J,M,0.9947,True,True,39,2,False
P0390,442670_FFF_2013J,M,0.9779,True,True,39,1,False
P0391,568559_BBB_2014B,F,0.9298,True,True,34,6,False
P0392,645081_DDD_2014J,M,0.8546,True,True,38,4,False
P0393,674941_EEE_2014J,M,0.9971,True,True,39,1,False
P0394,629878_DDD_2014J,M,0.9341,True,True,38,7,False
P0395,624767_GGG_2014J,F,0.9472,True,True,39,5,False
P0396,2585285_DDD_2013B,F,0.9979,True,True,35,1,False
P0397,691465_FFF_2014J,M,0.9736,True,True,39,2,False
P0398,631681_FFF_2014J,F,0.9895,True,True,39,1,False
P0399,646798_BBB_2014J,F,0.9979,True,True,38,1,False
P0400,680912_FFF_2014J,F,0.9973,True,True,39,1,False
P0401,632551_DDD_2014B,M,0.8664,True,True,35,11,False
P0402,540298_DDD_2013B,M,0.9921,True,True,35,1,False
P0403,614583_BBB_2014B,F,0.997,True,True,34,1,False
P0404,540249_BBB_2013J,M,0.9247,True,True,39,3,False
P0405,1832492_DDD_2014J,M,0.8592,True,True,38,3,False
P0406,226895_DDD_2014J,M,0.9969,True,True,38,1,False
P0407,167906_AAA_2013J,F,0.9993,True,True,39,1,False
P0408,1937822_BBB_2014J,F,0.9982,True,True,38,1,False
P0409,624592_BBB_2014B,F,0.9986,True,True,34,1,False
P0410,2017487_FFF_2014J,M,0.7999,True,True,39,1,False
P0411,2412967_AAA_2013J,F,0.8,True,True,39,6,False
P0412,470403_DDD_2013J,F,0.9564,True,True,38,2,False
P0413,527799_BBB_2013J,M,0.8578,True,True,39,4,False
P0414,489320_BBB_2013J,F,0.9968,True,True,39,1,False
P0415,547390_BBB_2013B,F,0.9979,True,True,35,1,False
P0416,1105438_BBB_2013J,F,0.9988,True,True,39,1,False
P0417,354984_BBB_2014B,F,0.8526,True,True,34,6,False
P0418,626852_DDD_2014B,M,0.9842,True,True,35,2,False
P0419,1661490_DDD_2014J,M,0.9556,True,True,38,6,False
P0420,503838_DDD_2013J,F,0.7977,True,True,38,4,False
P0421,495615_DDD_2014J,M,0.9739,True,True,38,5,False
P0422,689503_GGG_2014J,M,0.8853,True,True,39,11,False
P0423,477468_GGG_2013J,F,0.9984,True,True,38,1,False
P0424,593707_BBB_2013J,F,0.999,True,True,39,1,False
P0425,496041_BBB_2013B,F,0.999,True,True,35,1,False
P0426,495856_BBB_2013B,M,0.9971,True,True,35,1,False
P0427,306202_CCC_2014J,M,0.9741,True,True,39,2,False
P0428,2330254_AAA_2014J,M,0.9971,True,True,39,1,False
P0429,2210318_BBB_2013B,M,0.9098,True,True,35,4,False
P0430,486022_DDD_2014B,M,0.8237,True,True,35,7,False
P0431,491926_DDD_2013J,M,0.9986,True,True,38,1,False
P0432,506930_FFF_2013B,M,0.9967,True,True,35,1,False
P0433,563487_BBB_2014B,F,0.9984,True,True,34,1,False
P0434,121056_GGG_2013J,F,0.9975,True,True,38,1,False
P0435,1773925_CCC_2014J,F,0.9893,True,True,39,1,False
P0436,2525062_FFF_2013B,M,0.9993,True,True,35,1,False
P0437,544173_FFF_2013B,F,0.8,True,True,35,1,False
P0438,305858_FFF_2013J,F,0.9975,True,True,39,1,False
P0439,577562_EEE_2014B,M,0.8,True,True,35,5,False
P0440,656194_BBB_2014J,F,0.9781,True,True,38,3,False
P0441,558044_FFF_2014J,M,0.9978,True,True,39,1,False
P0442,2647893_CCC_2014J,M,0.9961,True,True,39,1,False
P0443,683423_GGG_2014J,M,0.9984,True,True,39,1,False
P0444,682961_CCC_2014J,M,0.998,True,True,39,1,False
P0445,628099_DDD_2014B,M,0.9981,True,True,35,1,False
P0446,494818_FFF_2014B,F,0.999,True,True,35,1,False
P0447,598103_DDD_2014J,M,0.8922,True,True,38,4,False
P0448,392733_BBB_2014B,F,0.9967,True,True,34,1,False
P0449,630585_CCC_2014B,M,0.993,True,True,35,1,False
P0450,688525_DDD_2014J,F,0.9887,True,True,38,1,False
P0451,576841_BBB_2013J,M,0.9045,True,True,39,6,False
P0452,604556_BBB_2013J,F,0.9968,True,True,39,1,False
P0453,557024_BBB_2013B,F,0.9091,True,True,35,11,False
P0454,597926_CCC_2014B,F,0.9943,True,True,35,1,False
P0455,616629_GGG_2014B,M,0.9079,True,True,35,12,False
P0456,628390_DDD_2014J,F,0.9967,True,True,38,1,False
P0457,682031_DDD_2014J,F,0.872,True,True,38,15,False
P0458,509797_BBB_2013B,F,0.9971,True,True,35,1,False
P0459,533091_BBB_2013J,M,0.9446,True,True,39,5,False
P0460,1937864_BBB_2013B,F,0.997,True,True,35,1,False
P0461,605540_CCC_2014J,M,0.8,True,True,39,1,False
P0462,607110_DDD_2014J,M,0.9783,True,True,38,1,False
P0463,1518989_AAA_2013J,F,0.9971,True,True,39,1,False
P0464,575855_DDD_2014J,M,0.9703,True,True,38,5,False
P0465,609927_BBB_2014J,M,0.9968,True,True,38,1,False
P0466,498578_FFF_2013B,F,0.9085,True,True,35,3,False
P0467,545245_DDD_2013B,M,0.8597,True,True,35,13,False
P0468,571808_DDD_2013J,M,0.9956,True,True,38,1,False
P0469,27189_FFF_2014B,F,0.9811,True,True,35,1,False
P0470,2097916_BBB_2013B,F,0.7998,True,True,35,1,False
P0471,685436_GGG_2014J,F,0.8429,True,True,39,3,False
P0472,407453_CCC_2014B,M,0.9899,True,True,35,2,False
P0473,1346966_DDD_2013J,M,0.9826,True,True,38,2,False
P0474,676071_GGG_2014J,M,0.9979,True,True,39,1,False
P0475,536696_DDD_2013B,F,0.9959,True,True,35,1,False
P0476,121182_GGG_2014J,M,0.8856,True,True,39,8,False
P0477,502554_CCC_2014B,M,0.8528,True,True,35,2,False
P0478,616646_CCC_2014J,M,0.9991,True,True,39,1,False
P0479,491106_DDD_2013B,M,0.8746,True,True,35,9,False
P0480,392427_FFF_2013J,M,0.9931,True,True,39,2,False
P0481,487543_BBB_2014B,M,0.9935,True,True,34,1,False
P0482,654341_DDD_2014J,M,0.9359,True,True,38,15,False
P0483,589585_DDD_2014J,F,0.8208,True,True,38,4,False
P0484,543481_DDD_2013J,M,0.9015,True,True,38,10,False
P0485,485180_BBB_2014B,F,0.8292,True,True,34,4,False
P0486,532121_FFF_2013J,F,0.998,True,True,39,1,False
P0487,47861_FFF_2014J,M,0.9951,True,True,39,1,False
P0488,689017_DDD_2014J,M,0.9664,True,True,38,5,False
P0489,304465_AAA_2014J,F,0.9969,True,True,39,1,False
P0490,2487541_BBB_2013B,F,0.8,True,True,35,1,False
P0491,581253_FFF_2013J,M,0.7938,True,True,39,3,False
P0492,293754_BBB_2013J,M,0.8572,True,True,39,3,False
P0493,324907_BBB_2014B,F,0.9993,True,True,34,1,False
P0494,2569051_DDD_2013J,F,0.8718,True,True,38,16,False
P0495,598279_FFF_2013J,F,0.9913,True,True,39,2,False
P0496,686791_BBB_2014J,M,0.8676,True,True,38,14,False
P0497,187435_CCC_2014B,F,0.9898,True,True,35,1,False
P0498,558645_DDD_2013B,F,0.9921,True,True,35,1,False
P0499,394979_DDD_2013B,M,0.9948,True,True,35,1,False
P0500,584495_DDD_2013J,M,0.9971,True,True,38,1,False
P0501,685487_CCC_2014J,F,0.9849,True,True,39,1,False
P0502,571131_CCC_2014J,M,0.8806,True,True,39,7,False
P0503,560238_BBB_2014B,F,0.8422,True,True,34,3,False
P0504,537558_BBB_2013B,F,0.8091,True,True,35,4,False
P0505,467413_DDD_2013B,F,0.9912,True,True,35,1,False
P0506,588883_BBB_2013J,F,0.9979,True,True,39,1,False
P0507,560968_BBB_2013B,F,0.9542,True,True,35,6,False
P0508,570237_DDD_2013J,F,0.7999,True,True,38,4,False
P0509,542562_GGG_2014B,F,0.8613,True,True,35,6,False
P0510,657245_DDD_2014J,M,0.9983,True,True,38,1,False
P0511,630326_FFF_2014B,M,0.7998,True,True,35,1,False
P0512,1536591_BBB_2014B,F,0.808,True,False,34,2,False
P0513,414258_FFF_2014B,F,0.9876,True,True,35,2,False
P0514,691106_BBB_2014J,F,0.9409,True,True,38,5,False
P0515,634320_GGG_2014B,F,0.9984,True,True,35,1,False
P0516,168843_DDD_2014J,F,0.9962,True,True,38,1,False
P0517,592471_BBB_2013J,M,0.8426,True,True,39,6,False
P0518,478444_BBB_2013B,F,0.9063,True,True,35,3,False
P0519,537672_FFF_2013B,M,0.9815,True,True,35,2,False
P0520,598501_CCC_2014J,M,0.9989,True,True,39,1,False
P0521,625263_DDD_2014B,F,0.9989,True,True,35,1,False
P0522,2172136_CCC_2014J,M,0.9977,True,True,39,1,False
P0523,547486_DDD_2013B,M,0.9965,True,True,35,1,False
P0524,612717_DDD_2014J,M,0.8757,True,True,38,9,False
P0525,502709_GGG_2014B,M,0.9476,True,True,35,9,False
P0526,445972_CCC_2014B,M,0.9924,True,True,35,1,False
P0527,628530_GGG_2014B,F,0.9989,True,True,35,1,False
P0528,645876_GGG_2014J,M,0.9932,True,True,39,2,False
P0529,539308_FFF_2013B,M,0.9978,True,True,35,1,False
P0530,499891_BBB_2013B,F,0.9999,True,True,35,1,False
P0531,2146936_DDD_2013B,F,0.7973,True,True,35,6,False
P0532,117435_DDD_2014B,M,0.8111,True,False,35,2,False
P0533,240755_DDD_2014B,M,0.8719,True,True,35,7,False
P0534,391466_CCC_2014J,F,0.9938,True,True,39,1,False
P0535,692805_BBB_2014J,F,0.9947,True,True,38,1,False
P0536,484435_CCC_2014J,F,0.9281,True,True,39,9,False
P0537,600535_CCC_2014J,M,0.9826,True,True,39,2,False
P0538,166160_CCC_2014B,F,0.9931,True,True,35,1,False
P0539,634076_GGG_2014B,F,0.938,True,True,35,7,False
P0540,609556_DDD_2014J,M,0.8166,True,True,38,7,False
P0541,331318_FFF_2013B,M,0.7999,True,True,35,2,False
P0542,446097_DDD_2014J,F,0.9483,True,True,38,8,False
P0543,294929_FFF_2014J,M,0.9966,True,True,39,1,False
P0544,558616_CCC_2014B,M,0.7999,True,True,35,1,False
P0545,648416_BBB_2014J,F,0.9973,True,True,38,1,False
P0546,466360_CCC_2014J,M,0.9094,True,True,39,4,False
P0547,400451_DDD_2013B,M,0.8084,True,True,35,11,False
P0548,510756_BBB_2013B,F,0.9955,True,True,35,1,False
P0549,510694_CCC_2014B,M,0.9951,True,True,35,1,False
P0550,578574_BBB_2014B,F,0.9704,True,True,34,4,False
P0551,675063_CCC_2014J,M,0.993,True,True,39,1,False
P0552,978739_AAA_2013J,M,0.7998,True,True,39,2,False
P0553,470733_DDD_2014B,M,0.9988,True,True,35,1,False
P0554,2578995_AAA_2013J,F,0.9978,True,True,39,1,False
P0555,524378_DDD_2013B,F,0.9984,True,True,35,1,False
P0556,598246_DDD_2013J,F,0.7997,True,True,38,1,False
P0557,364974_FFF_2013J,M,0.8,True,True,39,1,False
P0558,551354_FFF_2013J,F,0.9865,True,True,39,1,False
P0559,561459_BBB_2013B,F,0.8356,True,True,35,6,False
P0560,696271_CCC_2014J,M,0.9984,True,True,39,1,False
P0561,619082_BBB_2013J,F,0.9985,True,True,39,1,False
P0562,679569_EEE_2014J,M,0.9959,True,True,39,2,False
P0563,559382_BBB_2013J,F,0.9155,True,True,39,14,False
P0564,623660_BBB_2014B,F,0.9974,True,True,34,1,False
P0565,317801_CCC_2014J,M,0.7959,True,True,39,4,False
P0566,685140_FFF_2014J,M,0.9982,True,True,39,1,False
P0567,525412_FFF_2013B,M,0.8,True,True,35,5,False
P0568,629906_EEE_2014B,M,0.8442,True,True,35,11,False
P0569,603179_EEE_2014J,M,0.9975,True,True,39,1,False
P0570,685276_FFF_2014J,F,0.9898,True,True,39,1,False
P0571,571620_EEE_2013J,M,0.999,True,True,39,1,False
P0572,464724_EEE_2014B,M,0.9991,True,True,35,1,False
P0573,2415480_DDD_2014B,M,0.9946,True,True,35,1,False
P0574,569342_CCC_2014B,M,0.8439,True,True,35,7,False
P0575,560207_FFF_2013B,M,0.9986,True,True,35,1,False
P0576,627322_DDD_2014B,M,0.995,True,True,35,1,False
P0577,587446_DDD_2014J,F,0.9861,True,True,38,5,False
P0578,542296_BBB_2013J,F,0.8814,True,True,39,10,False
P0579,609558_FFF_2013J,M,0.9968,True,True,39,1,False
P0580,584969_GGG_2013J,F,0.9989,True,True,38,1,False
P0581,580612_BBB_2013J,F,0.9978,True,True,39,1,False
P0582,607762_GGG_2014B,M,0.9448,True,True,35,10,False
P0583,597199_FFF_2013J,F,0.9876,True,True,39,1,False
P0584,680966_GGG_2014J,M,0.8253,True,True,39,6,False
P0585,292136_GGG_2013J,F,0.9985,True,True,38,1,False
P0586,582578_BBB_2013J,F,0.999,True,True,39,1,False
P0587,686268_CCC_2014J,M,0.9992,True,True,39,1,False
P0588,474464_DDD_2013B,M,0.999,True,True,35,1,False
P0589,623826_DDD_2014B,M,0.9978,True,True,35,1,False
P0590,498296_BBB_2013B,F,0.8427,True,True,35,9,False
P0591,572074_FFF_2014J,F,0.9768,True,True,39,1,False
P0592,540758_DDD_2013B,F,0.82,True,True,35,13,False
P0593,631924_FFF_2014J,F,0.999,True,True,39,1,False
P0594,2098108_DDD_2014J,M,0.9991,True,True,38,1,False
P0595,565993_GGG_2013J,F,0.999,True,True,38,1,False
P0596,327641_BBB_2014B,F,0.9966,True,True,34,1,False
P0597,596731_DDD_2013J,M,0.8446,True,True,38,18,False
P0598,497180_FFF_2013B,M,0.988,True,True,35,2,False
P0599,558440_CCC_2014J,F,0.9928,True,True,39,1,False
P0600,549731_DDD_2013B,M,0.8047,True,True,35,11,False
P0601,2327045_DDD_2013J,M,0.9976,True,True,38,1,False
P0602,627264_GGG_2014B,F,0.8728,True,True,35,6,False
P0603,480225_DDD_2013B,F,0.7972,True,True,35,7,False
P0604,525749_DDD_2013B,F,0.8,True,True,35,4,False
P0605,698204_BBB_2014J,F,0.986,True,True,38,2,False
P0606,571458_GGG_2013J,M,0.9386,True,True,38,7,False
P0607,551183_DDD_2013B,M,0.87,True,True,35,6,False
P0608,412717_DDD_2014J,M,0.9554,True,True,38,13,False
P0609,586324_GGG_2013J,F,0.8639,True,True,38,8,False
P0610,677641_CCC_2014J,M,0.9992,True,True,39,1,False
P0611,583012_BBB_2013J,F,0.9979,True,True,39,2,False
P0612,1068316_DDD_2013B,M,0.7999,True,True,35,1,False
P0613,574250_BBB_2013J,F,0.9869,True,True,39,5,False
P0614,321810_DDD_2014B,M,0.8434,True,True,35,10,False
P0615,424880_DDD_2014B,F,0.8883,True,True,35,14,False
P0616,680787_BBB_2014J,F,0.8505,True,True,38,12,False
P0617,104054_BBB_2013B,F,0.9956,True,True,35,2,False
P0618,581138_DDD_2013J,F,0.8553,True,True,38,8,False
P0619,527580_BBB_2013J,F,0.8633,True,True,39,5,False
P0620,524227_FFF_2013B,M,0.9939,True,True,35,2,False
P0621,405889_FFF_2013B,M,0.9978,True,True,35,1,False
P0622,419565_FFF_2013B,M,0.989,True,True,35,1,False
P0623,649284_FFF_2014J,M,0.9944,True,True,39,2,False
P0624,2091387_DDD_2014B,M,0.8452,True,True,35,7,False
P0625,407374_DDD_2013J,M,0.9605,True,True,38,9,False
P0626,512722_BBB_2014J,F,0.7999,True,True,38,3,False
P0627,475688_BBB_2013B,M,0.9908,True,True,35,2,False
P0628,332309_DDD_2013J,M,0.8834,True,True,38,16,False
P0629,404671_BBB_2013J,F,0.9981,True,True,39,1,False
P0630,612545_FFF_2014B,F,0.9957,True,True,35,1,False
P0631,433864_BBB_2013J,M,0.8405,True,True,39,11,False
P0632,569672_GGG_2014J,M,0.9976,True,True,39,1,False
P0633,577404_FFF_2013J,F,0.9949,True,True,39,1,False
P0634,609891_CCC_2014J,M,0.7997,True,True,39,2,False
P0635,2524295_BBB_2014B,F,0.9791,True,True,34,5,False
P0636,422343_DDD_2014J,M,0.9131,True,True,38,14,False
P0637,674699_FFF_2014J,F,0.9953,True,True,39,1,False
P0638,589019_DDD_2013J,M,0.8406,True,True,38,13,False
P0639,559140_DDD_2013J,F,0.9966,True,True,38,1,False
P0640,2061889_BBB_2013J,F,0.9622,True,True,39,10,False
P0641,573434_FFF_2013J,M,0.9982,True,True,39,1,False
P0642,629779_GGG_2014B,M,0.9978,True,True,35,1,False
P0643,610099_CCC_2014B,M,0.9987,True,True,35,1,False
P0644,613881_BBB_2014B,F,0.9974,True,True,34,1,False
P0645,629891_BBB_2014B,F,0.8424,True,True,34,6,False
P0646,521742_DDD_2013B,M,0.8897,True,True,35,12,False
P0647,2393945_CCC_2014J,F,0.7999,True,True,39,1,False
P0648,254463_FFF_2013B,F,0.7997,True,True,35,14,False
P0649,602573_GGG_2013J,M,0.9941,True,True,38,1,False
P0650,411060_DDD_2014B,F,0.994,True,True,35,2,False
P0651,422530_FFF_2014B,M,0.9987,True,True,35,1,False
P0652,2174129_GGG_2013J,F,0.8624,True,True,38,9,False
P0653,695729_FFF_2014J,M,0.7999,True,True,39,1,False
P0654,544839_DDD_2013B,M,0.9993,True,True,35,1,False
P0655,637754_CCC_2014J,M,0.9991,True,True,39,1,False
P0656,165733_DDD_2013B,M,0.7914,True,True,35,6,False
P0657,2226202_DDD_2014J,M,0.8581,True,True,38,10,False
P0658,618737_DDD_2014J,M,0.8624,True,True,38,7,False
P0659,634851_BBB_2014B,F,0.9063,True,True,34,10,False
P0660,559930_DDD_2013B,M,0.8441,True,True,35,21,False
P0661,464732_CCC_2014J,F,0.9852,True,True,39,2,False
P0662,516343_DDD_2013J,M,0.8083,True,False,38,4,False
P0663,589525_CCC_2014B,F,0.9917,True,True,35,1,False
P0664,577905_BBB_2014B,F,0.9945,True,True,34,1,False
P0665,552894_BBB_2013B,F,0.9976,True,True,35,1,False
P0666,631454_GGG_2014B,M,0.8527,True,True,35,12,False
P0667,630891_FFF_2014B,M,0.9874,True,True,35,2,False
P0668,583946_DDD_2013J,F,0.9987,True,True,38,1,False
P0669,558440_DDD_2013B,F,0.9045,True,True,35,13,False
P0670,587538_BBB_2014B,F,0.9462,True,True,34,8,False
P0671,626240_AAA_2014J,M,0.9976,True,True,39,1,False
P0672,594928_BBB_2013J,F,0.8826,True,True,39,6,False
P0673,612543_FFF_2014B,F,0.9988,True,True,35,1,False
P0674,572804_FFF_2014J,M,0.9835,True,True,39,4,False
P0675,574735_FFF_2013J,M,0.9962,True,True,39,1,False
P0676,627100_DDD_2014B,M,0.8007,True,True,35,22,False
P0677,635777_BBB_2014J,F,0.9136,True,True,38,13,False
P0678,608164_BBB_2014B,M,0.8691,True,True,34,6,False
P0679,555015_BBB_2014B,F,0.9548,True,True,34,3,False
P0680,595868_FFF_2013J,M,0.8,True,True,39,2,False
P0681,136054_FFF_2014B,F,0.999,True,True,35,1,False
P0682,494667_DDD_2013J,M,0.9985,True,True,38,1,False
P0683,445774_BBB_2014J,M,0.8563,True,True,38,13,False
P0684,586891_FFF_2013J,M,0.7999,True,True,39,3,False
P0685,570872_CCC_2014B,F,0.8526,True,True,35,6,False
P0686,694006_DDD_2014J,M,0.9949,True,True,38,2,False
P0687,544479_FFF_2013B,F,0.9996,True,True,35,1,False
P0688,546322_BBB_2013B,F,0.9986,True,True,35,1,False
P0689,632823_BBB_2014B,F,0.985,True,True,34,4,False
P0690,412731_DDD_2013B,F,0.976,True,True,35,7,False
P0691,656522_BBB_2014J,F,0.9691,True,True,38,4,False
P0692,368749_DDD_2013B,F,0.9873,True,True,35,1,False
P0693,586750_CCC_2014J,M,0.9938,True,True,39,1,False
P0694,486877_DDD_2013J,M,0.9501,True,True,38,24,False
P0695,514558_FFF_2013J,F,0.9792,True,True,39,3,False
P0696,537942_FFF_2013J,F,0.9935,True,True,39,1,False
P0697,192375_DDD_2014J,F,0.8594,True,True,38,18,False
P0698,440225_BBB_2013J,F,0.9958,True,True,39,3,False
P0699,393727_DDD_2014J,M,0.8525,True,True,38,30,False
P0700,352051_DDD_2013J,F,0.9989,True,True,38,1,False
P0701,399450_DDD_2013B,F,0.966,True,True,35,11,False
P0702,628299_GGG_2014J,F,0.9917,True,True,39,3,False
P0703,651120_DDD_2014J,F,0.9881,True,True,38,4,False
P0704,632752_BBB_2014B,F,0.862,True,True,34,10,False
P0705,182400_EEE_2014B,M,0.8531,True,True,35,8,False
P0706,636875_DDD_2014J,F,0.9979,True,True,38,1,False
P0707,594547_FFF_2013J,M,0.9983,True,True,39,1,False
P0708,550097_FFF_2014B,F,0.9961,True,True,35,1,False
P0709,656734_FFF_2014J,F,0.9988,True,True,39,1,False
P0710,230510_DDD_2013J,M,0.9987,True,True,38,1,False
P0711,586550_DDD_2013J,M,0.9972,True,True,38,1,False
P0712,555674_BBB_2013B,M,0.9866,True,True,35,3,False
P0713,250123_BBB_2014B,F,0.8486,True,True,34,12,False
P0714,2611779_DDD_2013B,M,0.7995,True,True,35,7,False
P0715,501755_GGG_2014B,M,0.9981,True,True,35,1,False
P0716,579134_DDD_2014B,F,0.8621,True,True,35,16,False
P0717,240236_DDD_2014J,F,0.8186,True,True,38,4,False
P0718,532565_DDD_2013B,M,0.8,True,True,35,8,False
P0719,590753_DDD_2014J,M,0.9964,True,True,38,1,False
P0720,595988_DDD_2013J,F,0.9988,True,True,38,1,False
P0721,556878_BBB_2013B,F,0.8488,True,True,35,11,False
P0722,598313_BBB_2014B,M,0.9914,True,True,34,2,False
P0723,535259_CCC_2014J,M,0.9498,True,True,39,16,False
P0724,677491_GGG_2014J,M,0.8037,True,True,39,10,False
P0725,689786_EEE_2014J,M,0.999,True,True,39,1,False
P0726,427536_BBB_2013B,F,0.9937,True,True,35,1,False
P0727,592624_BBB_2013J,F,0.9683,True,True,39,11,False
P0728,599787_BBB_2013J,M,0.934,True,True,39,12,False
P0729,409040_FFF_2013J,M,0.9991,True,True,39,1,False
P0730,631453_CCC_2014B,M,0.9177,True,True,35,7,False
P0731,690932_DDD_2014J,M,0.9986,True,True,38,1,False
P0732,400958_CCC_2014J,F,0.9985,True,True,39,1,False
P0733,1777511_DDD_2013J,M,0.9183,True,True,38,24,False
P0734,624586_FFF_2014B,M,0.9996,True,True,35,1,False
P0735,497897_FFF_2013B,F,0.9889,True,True,35,1,False
P0736,502697_DDD_2013B,M,0.9334,True,True,35,21,False
P0737,565607_BBB_2013J,F,0.9981,True,True,39,1,False
P0738,493559_BBB_2014B,F,0.9977,True,True,34,1,False
P0739,612814_CCC_2014B,M,0.7999,True,True,35,1,False
P0740,551515_BBB_2014B,F,0.9853,True,True,34,8,False
P0741,338741_BBB_2013J,F,0.9993,True,True,39,1,False
P0742,689828_BBB_2014J,M,0.9933,True,True,38,1,False
P0743,602533_CCC_2014J,M,0.991,True,True,39,1,False
P0744,680266_FFF_2014J,F,0.9925,True,True,39,1,False
P0745,388885_AAA_2013J,M,0.9988,True,True,39,1,False
P0746,593000_BBB_2014J,M,0.9933,True,True,38,1,False
P0747,614477_CCC_2014B,F,0.9497,True,True,35,3,False
P0748,580468_DDD_2013J,F,0.9953,True,True,38,1,False
P0749,2364471_AAA_2013J,F,0.8,True,True,39,2,False
P0750,607725_BBB_2013J,F,0.9987,True,True,39,1,False
P0751,591083_CCC_2014J,F,0.789,True,True,39,8,False
P0752,490195_FFF_2013B,M,0.9996,True,True,35,1,False
P0753,611580_GGG_2013J,F,0.9978,True,True,38,1,False
P0754,2681505_BBB_2014J,F,0.922,True,True,38,10,False
P0755,573654_BBB_2013J,F,0.8081,True,True,39,10,False
P0756,205494_AAA_2014J,M,0.9997,True,True,39,1,False
P0757,627717_FFF_2014B,F,0.9967,True,True,35,1,False
P0758,2444088_BBB_2013B,F,0.7998,True,True,35,1,False
P0759,586474_EEE_2014J,M,0.9989,True,True,39,1,False
P0760,2002046_BBB_2013J,F,0.8054,True,True,39,2,False
P0761,486279_GGG_2014B,M,0.9694,True,True,35,6,False
P0762,2617999_BBB_2013B,F,0.9742,True,True,35,11,False
P0763,343828_FFF_2013J,F,0.9975,True,True,39,1,False
P0764,609882_FFF_2013J,F,0.9975,True,True,39,1,False
P0765,575454_GGG_2013J,F,0.9971,True,True,38,1,False
P0766,501960_DDD_2013B,F,0.9065,True,True,35,15,False
P0767,574960_GGG_2013J,M,0.9367,True,True,38,11,False
P0768,468720_DDD_2014J,M,0.9693,True,True,38,2,False
P0769,466289_DDD_2014J,M,0.9088,True,True,38,11,False
P0770,581016_BBB_2014J,F,0.9008,True,True,38,16,False
P0771,152626_FFF_2014B,M,0.9989,True,True,35,1,False
P0772,2505501_DDD_2013B,M,0.9903,True,True,35,2,False
P0773,373126_DDD_2013B,M,0.9969,True,True,35,1,False
P0774,631247_CCC_2014J,M,0.9937,True,True,39,1,False
P0775,504231_FFF_2013B,M,0.9969,True,True,35,1,False
P0776,407968_FFF_2013B,M,0.9968,True,True,35,1,False
P0777,626998_EEE_2014J,M,0.9179,True,True,39,5,False
P0778,559452_BBB_2013B,M,0.9748,True,True,35,2,False
P0779,327650_FFF_2013B,F,0.9981,True,True,35,1,False
P0780,588146_DDD_2013J,M,0.7803,True,True,38,20,False
P0781,623857_BBB_2014B,F,0.8793,True,True,34,21,False
P0782,364547_DDD_2013J,M,0.8317,True,True,38,24,False
P0783,551276_BBB_2014J,F,0.9658,True,True,38,3,False
P0784,2567158_BBB_2013J,F,0.994,True,True,39,1,False
P0785,610725_BBB_2013J,M,0.9427,True,True,39,5,False
P0786,275674_AAA_2014J,F,0.9944,True,True,39,1,False
P0787,573433_BBB_2013J,F,0.7999,True,True,39,1,False
P0788,620980_BBB_2014B,F,0.884,True,True,34,20,False
P0789,680765_CCC_2014J,F,0.9942,True,True,39,1,False
P0790,2655683_DDD_2013B,M,0.9932,True,True,35,2,False
P0791,650354_BBB_2014J,F,0.9983,True,True,38,1,False
P0792,654755_EEE_2014J,M,0.9956,True,True,39,1,False
P0793,552991_BBB_2013B,M,0.9974,True,True,35,1,False
P0794,574830_CCC_2014B,F,0.9972,True,True,35,1,False
P0795,692164_BBB_2014J,F,0.8446,True,True,38,17,False
P0796,173004_DDD_2013J,F,0.9986,True,True,38,1,False
P0797,1127413_BBB_2014B,F,0.9116,True,True,34,13,False
P0798,680506_FFF_2014J,F,0.9953,True,True,39,1,False
P0799,512706_DDD_2013J,M,0.7993,True,True,38,1,False
P0800,603111_FFF_2014B,F,0.9908,True,True,35,1,False
P0801,595514_CCC_2014B,M,0.7996,True,True,35,6,False
P0802,2553890_BBB_2013J,F,0.7998,True,True,39,11,False
P0803,319042_CCC_2014B,M,0.7914,True,True,35,10,False
P0804,607679_FFF_2014J,M,0.9907,True,True,39,1,False
P0805,619297_DDD_2014B,F,0.9995,True,True,35,1,False
P0806,2458203_GGG_2013J,F,0.9964,True,True,38,1,False
P0807,297166_CCC_2014J,F,0.9964,True,True,39,1,False
P0808,631771_DDD_2014B,M,0.9535,True,True,35,12,False
P0809,598918_BBB_2014B,M,0.9649,True,True,34,7,False
P0810,2458925_CCC_2014J,M,0.7757,True,True,39,27,False
P0811,551573_DDD_2013B,M,0.9982,True,True,35,1,False
P0812,640178_DDD_2014J,F,0.9373,True,True,38,5,False
P0813,338958_FFF_2014B,F,0.9965,True,True,35,1,False
P0814,480716_DDD_2013J,M,0.8,True,True,38,1,False
P0815,557229_EEE_2014J,M,0.8,True,True,39,17,False
P0816,634027_GGG_2014B,M,0.9107,True,True,35,6,False
P0817,579283_EEE_2014J,M,0.9979,True,True,39,1,False
P0818,678313_GGG_2014J,M,0.9693,True,True,39,6,False
P0819,642501_DDD_2014J,M,0.9351,True,True,38,12,False
P0820,1561750_CCC_2014J,F,0.9973,True,True,39,1,False
P0821,478556_GGG_2013J,F,0.9164,True,True,38,3,False
P0822,586917_FFF_2014B,F,0.9948,True,True,35,1,False
P0823,2383780_FFF_2013J,M,0.9974,True,True,39,1,False
P0824,116603_BBB_2013B,F,0.8954,True,True,35,9,False
P0825,657290_BBB_2014J,F,0.8097,True,True,38,20,False
P0826,633574_DDD_2014J,F,0.9983,True,True,38,1,False
P0827,627295_DDD_2014J,M,0.8699,True,True,38,11,False
P0828,592725_BBB_2014B,M,0.9928,True,True,34,2,False
P0829,328241_DDD_2014J,M,0.8,True,True,38,1,False
P0830,643006_DDD_2014J,M,0.8043,True,True,38,6,False
P0831,546329_FFF_2013B,M,0.9978,True,True,35,1,False
P0832,644956_DDD_2014J,M,0.9967,True,True,38,1,False
P0833,1568828_CCC_2014B,M,0.9985,True,True,35,1,False
P0834,609645_CCC_2014B,M,0.983,True,True,35,1,False
P0835,547413_CCC_2014B,F,0.9946,True,True,35,1,False
P0836,633417_GGG_2014B,M,0.8545,True,True,35,8,False
P0837,581316_CCC_2014J,F,0.9828,True,True,39,3,False
P0838,650993_DDD_2014J,M,0.8581,True,True,38,11,False
P0839,163996_DDD_2014J,M,0.9995,True,True,38,1,False
P0840,645219_DDD_2014J,M,0.9693,True,True,38,25,False
P0841,398487_CCC_2014B,M,0.9862,True,True,35,1,False
P0842,117232_CCC_2014B,M,0.9966,True,True,35,1,False
P0843,131051_BBB_2013J,F,0.9236,True,True,39,4,False
P0844,541538_CCC_2014J,M,0.8698,True,True,39,5,False
P0845,554004_BBB_2014B,M,0.9734,True,True,34,1,True
P0846,695354_CCC_2014J,F,0.9958,True,True,39,1,False
P0847,2462576_BBB_2014J,F,0.9967,True,True,38,1,False
P0848,516529_BBB_2013B,F,0.9054,True,True,35,11,False
P0849,91470_DDD_2014J,F,0.9363,True,True,38,23,False
P0850,107162_FFF_2013B,F,0.8,True,True,35,1,False
P0851,693468_DDD_2014J,M,0.9957,True,True,38,1,False
P0852,504064_DDD_2014J,F,0.8573,True,True,38,6,False
P0853,571131_DDD_2013J,M,0.8187,True,True,38,6,False
P0854,515311_BBB_2013B,F,0.8785,True,True,35,16,False
P0855,634383_DDD_2014B,M,0.8566,True,True,35,15,False
P0856,380662_DDD_2013J,M,0.997,True,True,38,1,False
P0857,472511_GGG_2014B,M,0.8081,True,True,35,5,False
P0858,582416_DDD_2013J,M,0.9879,True,True,38,7,False
P0859,486287_DDD_2014J,M,0.8,True,True,38,2,False
P0860,553741_CCC_2014J,M,0.9253,True,True,39,7,False
P0861,2473025_DDD_2014B,M,0.8075,True,True,35,19,False
P0862,594925_DDD_2013J,F,0.9959,True,True,38,1,False
P0863,1939179_DDD_2014B,F,0.9695,True,True,35,6,False
P0864,170864_CCC_2014B,M,0.9976,True,True,35,1,False
P0865,72609_CCC_2014J,F,0.7861,True,True,39,16,False
P0866,334134_FFF_2013B,F,0.9506,True,True,35,6,False
P0867,155256_GGG_2013J,M,0.9967,True,True,38,1,False
P0868,633467_DDD_2014B,M,0.812,True,True,35,16,False
P0869,586689_GGG_2013J,F,0.9991,True,True,38,1,False
P0870,2442685_BBB_2013B,M,0.9889,True,True,35,2,False
P0871,618981_BBB_2014B,F,0.864,True,True,34,20,False
P0872,531047_DDD_2013B,M,0.7995,True,True,35,1,False
P0873,298497_DDD_2013B,M,0.8,True,True,35,1,False
P0874,616952_DDD_2014B,F,0.9989,True,True,35,1,False
P0875,572447_BBB_2013J,F,0.9446,True,True,39,7,False
P0876,362037_DDD_2013B,F,0.9987,True,True,35,1,False
P0877,269082_BBB_2013J,F,0.7998,True,True,39,1,False
P0878,430357_BBB_2013B,F,0.9967,True,True,35,1,False
P0879,610287_CCC_2014J,M,0.9259,True,True,39,6,False
P0880,604204_BBB_2013J,F,0.9996,True,True,39,1,False
P0881,653550_DDD_2014J,M,0.954,True,True,38,12,False
P0882,482745_CCC_2014B,M,0.997,True,True,35,1,False
P0883,123860_BBB_2013B,F,0.8644,True,True,35,16,False
P0884,446246_DDD_2013J,M,0.8622,True,True,38,17,False
P0885,653944_BBB_2014J,F,0.9549,True,True,38,4,False
P0886,373369_DDD_2013B,M,0.862,True,True,35,13,False
P0887,525820_DDD_2013B,F,0.9309,True,True,35,6,False
P0888,649093_FFF_2014J,F,0.9955,True,True,39,1,False
P0889,644951_CCC_2014J,M,0.9862,True,True,39,1,False
P0890,1493476_BBB_2013B,M,0.9993,True,True,35,1,False
P0891,556721_DDD_2013B,M,0.8,True,True,35,12,False
P0892,544543_FFF_2013B,M,0.7855,True,True,35,11,False
P0893,371530_BBB_2013J,F,0.882,True,True,39,15,False
P0894,696659_FFF_2014J,F,0.997,True,True,39,1,False
P0895,645840_FFF_2014J,M,0.7871,True,True,39,13,False
P0896,32239_GGG_2013J,F,0.9945,True,True,38,1,False
P0897,130658_FFF_2013J,M,0.9969,True,True,39,1,False
P0898,608504_CCC_2014B,M,0.9957,True,True,35,1,False
P0899,554435_FFF_2013B,F,0.9509,True,True,35,3,False
P0900,141377_AAA_2013J,M,0.9989,True,True,39,1,False
P0901,260077_DDD_2014J,M,0.9661,True,True,38,6,False
P0902,543607_FFF_2013J,M,0.998,True,True,39,1,False
P0903,693569_DDD_2014J,M,0.9978,True,True,38,1,False
P0904,573323_BBB_2014B,F,0.9345,True,True,34,13,False
P0905,515945_DDD_2013B,M,0.9318,True,True,35,15,False
P0906,593136_FFF_2014J,F,0.9981,True,True,39,1,False
P0907,473640_DDD_2013J,M,0.8065,True,True,38,29,False
P0908,656158_FFF_2014J,F,0.9977,True,True,39,1,False
P0909,126800_BBB_2014J,F,0.9447,True,True,38,25,False
P0910,287210_AAA_2014J,M,0.9994,True,True,39,1,False
P0911,538949_FFF_2013B,F,0.9906,True,True,35,3,False
P0912,572231_DDD_2013J,F,0.8804,True,True,38,11,False
P0913,631455_CCC_2014B,M,0.9158,True,True,35,16,False
P0914,477161_DDD_2013J,M,0.9569,True,True,38,16,False
P0915,234740_DDD_2013B,M,0.8,True,True,35,1,False
P0916,2583997_FFF_2014B,M,0.9978,True,True,35,1,False
P0917,631860_FFF_2014B,M,0.9865,True,True,35,1,False
P0918,1716492_DDD_2013J,M,0.9322,True,True,38,25,False
P0919,653951_BBB_2014J,F,0.7838,True,True,38,28,False
P0920,557650_FFF_2014B,M,0.9902,True,True,35,1,False
P0921,631445_BBB_2014B,F,0.9987,True,True,34,1,False
P0922,110200_DDD_2013B,F,0.9975,True,True,35,1,False
P0923,495449_BBB_2013J,F,0.9799,True,True,39,8,False
P0924,602356_DDD_2013J,F,0.9973,True,True,38,1,False
P0925,618589_BBB_2014J,F,0.8786,True,True,38,10,False
P0926,634188_BBB_2014B,F,0.9969,True,True,34,2,False
P0927,2322342_BBB_2013B,F,0.9094,True,True,35,10,False
P0928,429417_BBB_2014B,M,0.8,True,True,34,3,False
P0929,674236_FFF_2014J,M,0.9959,True,True,39,1,False
P0930,1658963_CCC_2014J,M,0.9989,True,True,39,1,False
P0931,1732956_BBB_2014J,F,0.7999,True,True,38,24,False
P0932,555837_BBB_2013B,F,0.7833,True,True,35,17,False
P0933,543010_FFF_2013B,M,0.7996,True,True,35,1,False
P0934,552708_FFF_2013B,M,0.9948,True,True,35,1,False
P0935,2269480_BBB_2013B,F,0.9802,True,True,35,1,False
P0936,281651_FFF_2013B,F,0.999,True,True,35,1,False
P0937,571117_FFF_2013J,M,0.9871,True,True,39,2,False
P0938,943374_CCC_2014J,M,0.9781,True,True,39,4,False
P0939,685842_BBB_2014J,F,0.9945,True,True,38,1,False
P0940,617801_DDD_2014B,M,0.841,True,True,35,23,False
P0941,2621734_FFF_2013J,M,0.991,True,True,39,3,False
P0942,571571_CCC_2014B,F,0.9972,True,True,35,1,False
P0943,646901_BBB_2014J,M,0.994,True,True,38,2,False
P0944,1436591_BBB_2013B,M,0.8916,True,True,35,13,False
P0945,583052_CCC_2014B,M,0.9953,True,True,35,1,False
P0946,1467014_BBB_2013J,M,0.9381,True,True,39,6,False
P0947,694190_BBB_2014J,M,0.9899,True,True,38,1,False
P0948,489929_CCC_2014B,M,0.9962,True,True,35,2,False
P0949,391153_BBB_2014B,F,0.8661,True,True,34,7,False
P0950,608909_FFF_2013J,F,0.9977,True,True,39,1,False
P0951,471925_BBB_2014B,M,0.922,True,True,34,1,True
P0952,518359_CCC_2014J,M,0.8949,True,True,39,16,False
P0953,494211_EEE_2013J,M,0.9946,True,True,39,1,False
P0954,447782_BBB_2013B,M,0.9271,True,True,35,7,False
P0955,429858_AAA_2014J,M,0.967,True,True,39,8,False
P0956,279879_CCC_2014J,F,0.9967,True,True,39,2,False
P0957,544651_FFF_2013B,F,0.9972,True,True,35,1,False
P0958,518876_BBB_2013B,F,0.9993,True,True,35,1,False
P0959,2658856_FFF_2014J,M,0.7999,True,True,39,5,False
P0960,555049_FFF_2014J,M,0.7999,True,True,39,6,False
P0961,2467267_AAA_2014J,M,0.922,True,True,39,8,False
P0962,474628_CCC_2014J,M,0.9977,True,True,39,1,False
P0963,677206_FFF_2014J,F,0.9987,True,True,39,1,False
P0964,585210_DDD_2013J,M,0.9969,True,True,38,1,False
P0965,2469321_FFF_2013J,F,0.9975,True,True,39,1,False
P0966,499420_CCC_2014J,M,0.9955,True,True,39,2,False
P0967,496671_FFF_2013B,F,0.9239,True,True,35,4,False
P0968,650652_GGG_2014J,F,0.9988,True,True,39,1,False
P0969,582574_BBB_2013J,F,0.9991,True,True,39,1,False
P0970,642449_FFF_2014J,F,0.9726,True,True,39,2,False
P0971,620484_CCC_2014J,M,0.7974,True,True,39,1,True
P0972,107339_EEE_2013J,F,0.9903,True,True,39,1,False
P0973,588236_FFF_2013J,M,0.985,True,True,39,2,False
P0974,650570_FFF_2014J,M,0.9908,True,True,39,1,False
P0975,423757_DDD_2013B,M,0.8657,True,True,35,7,False
P0976,558839_CCC_2014J,M,0.9976,True,True,39,1,False
P0977,553655_FFF_2013B,F,0.9923,True,True,35,2,False
P0978,623225_DDD_2014J,F,0.9968,True,True,38,1,False
P0979,512335_FFF_2014J,M,0.977,True,True,39,5,False
P0980,514648_GGG_2014J,F,0.9984,True,True,39,1,False
P0981,1564706_BBB_2014J,M,0.9763,True,True,38,10,False
P0982,476629_FFF_2014J,F,0.9908,True,True,39,2,False
P0983,323984_FFF_2013J,M,0.7997,True,True,39,12,False
P0984,2091096_BBB_2014J,M,0.9955,True,True,38,1,False
P0985,611489_GGG_2014B,F,0.9832,True,True,35,10,False
P0986,692256_GGG_2014J,F,0.9937,True,True,39,1,False
P0987,241066_DDD_2014J,F,0.9994,True,True,38,1,False
P0988,2056643_CCC_2014B,M,0.8,True,True,35,1,False
P0989,316541_FFF_2013J,F,0.7999,True,True,39,1,False
P0990,511912_FFF_2014B,M,0.9905,True,True,35,1,False
P0991,605068_BBB_2014J,F,0.8,True,True,38,3,False
P0992,626256_GGG_2014B,F,0.9519,True,True,35,24,False
P0993,2434159_AAA_2014J,M,0.9733,True,True,39,7,False
P0994,627549_BBB_2014B,F,0.9608,True,True,34,11,False
P0995,2251500_BBB_2014J,M,0.9612,True,True,38,1,True
P0996,301498_GGG_2014B,F,0.9985,True,True,35,1,False
P0997,616386_CCC_2014J,M,0.8,True,True,39,2,False
P0998,351775_CCC_2014B,F,0.7998,True,True,35,1,False
P0999,483109_BBB_2013B,F,0.9995,True,True,35,1,False
P1000,202487_FFF_2013B,M,0.9979,True,True,35,1,False
P1001,694456_FFF_2014J,M,0.9993,True,True,39,1,False
P1002,445917_DDD_2013J,M,0.9953,True,True,38,2,False
P1003,573473_DDD_2013J,M,0.9983,True,True,38,1,False
P1004,571871_BBB_2013J,F,0.9994,True,True,39,1,False
P1005,578447_BBB_2013J,M,0.9414,True,True,39,12,False
P1006,273106_DDD_2013J,M,0.8017,True,False,38,2,False
P1007,593373_DDD_2014J,M,0.998,True,True,38,1,False
P1008,625021_BBB_2014B,F,0.9537,True,True,34,11,False
P1009,483468_BBB_2014B,F,0.865,True,True,34,8,False
P1010,632619_GGG_2014B,F,0.9404,True,True,35,9,False
P1011,601655_BBB_2013J,M,0.8216,True,True,39,20,False
P1012,482117_DDD_2013B,M,0.9762,True,True,35,4,False
P1013,68208_FFF_2013B,M,0.9618,True,True,35,8,False
P1014,674497_CCC_2014J,M,0.9967,True,True,39,1,False
P1015,402378_CCC_2014J,M,0.9934,True,True,39,1,False
P1016,83588_DDD_2013J,M,0.9648,True,True,38,5,False
P1017,644409_DDD_2014J,M,0.8074,True,True,38,30,False
P1018,534998_BBB_2013J,F,0.8,True,True,39,23,False
P1019,581530_BBB_2013J,F,0.9666,True,True,39,12,False
P1020,630451_BBB_2014B,F,0.9349,True,True,34,4,False
P1021,125996_FFF_2013B,M,0.9997,True,True,35,1,False
P1022,573713_BBB_2014J,F,0.9996,True,True,38,1,False
P1023,565657_DDD_2013J,F,0.8,True,True,38,1,False
P1024,2083576_BBB_2013J,M,0.8163,True,True,39,6,False
P1025,605111_CCC_2014J,M,0.9983,True,True,39,1,False
P1026,616338_GGG_2014B,M,0.9389,True,True,35,6,False
P1027,470914_CCC_2014J,F,0.996,True,True,39,1,False
P1028,2087747_BBB_2014B,F,0.8858,True,True,34,9,False
P1029,620698_BBB_2014J,F,0.9981,True,True,38,1,False
P1030,577914_BBB_2013J,F,0.8584,True,True,39,15,False
P1031,2387054_FFF_2013B,F,0.9996,True,True,35,1,False
P1032,532608_FFF_2013B,M,0.7999,True,True,35,20,False
P1033,283348_FFF_2013B,M,0.9856,True,True,35,2,False
P1034,183096_AAA_2013J,F,0.7988,True,True,39,1,False
P1035,631835_DDD_2014J,M,0.8872,True,True,38,25,False
P1036,59272_BBB_2014J,F,0.812,True,True,38,27,False
P1037,2655370_FFF_2013J,M,0.9988,True,True,39,1,False
P1038,1406920_BBB_2014B,F,0.996,True,True,34,1,False
P1039,2574825_GGG_2014B,F,0.8183,True,False,35,7,False
P1040,593875_BBB_2013J,F,0.9797,True,True,39,5,False
P1041,574382_FFF_2013J,M,0.9988,True,True,39,1,False
P1042,680687_CCC_2014J,M,0.9948,True,True,39,1,False
P1043,1864697_BBB_2014B,F,0.8,True,True,34,1,False
P1044,696706_GGG_2014J,F,0.9975,True,True,39,1,False
P1045,637382_BBB_2014J,M,0.9517,True,True,38,2,False
P1046,584191_CCC_2014B,M,0.8,True,True,35,7,False
P1047,695256_BBB_2014J,F,0.9498,True,True,38,7,False
P1048,437550_BBB_2014J,F,0.8616,True,True,38,26,False
P1049,177333_DDD_2013B,F,0.818,True,True,35,18,False
P1050,592014_FFF_2013J,M,0.9991,True,True,39,1,False
P1051,583871_DDD_2013J,F,0.7996,True,True,38,4,False
P1052,523466_BBB_2013J,F,0.8708,True,True,39,15,False
P1053,154059_FFF_2013J,M,0.9965,True,True,39,1,False
P1054,2550279_AAA_2013J,F,0.7998,True,True,39,2,False
P1055,2668945_DDD_2013J,M,0.9981,True,True,38,1,False
P1056,355591_BBB_2013J,F,0.9714,True,True,39,1,False
P1057,285412_DDD_2014B,M,0.9935,True,True,35,1,False
P1058,629632_DDD_2014B,F,0.7742,True,True,35,29,False
P1059,511506_BBB_2014B,F,0.8487,True,True,34,10,False
P1060,2637219_DDD_2014B,F,0.7999,True,True,35,9,False
P1061,628008_CCC_2014J,M,0.996,True,True,39,1,False
P1062,624997_BBB_2014B,F,0.9994,True,True,34,1,False
P1063,594419_DDD_2013J,F,0.999,True,True,38,1,False
P1064,469424_EEE_2014J,M,0.9987,True,True,39,1,False
P1065,569935_DDD_2013J,F,0.9965,True,True,38,1,False
P1066,545697_BBB_2013B,F,0.9708,True,True,35,1,True
P1067,440103_DDD_2014B,M,0.9985,True,True,35,1,False
P1068,1889752_FFF_2014J,M,0.983,True,True,39,3,False
P1069,483389_FFF_2014B,F,0.7999,True,True,35,1,False
P1070,2537777_FFF_2014J,M,0.9831,True,True,39,1,False
P1071,446755_BBB_2014B,F,0.8492,True,True,34,9,False
P1072,542054_DDD_2013B,M,0.7999,True,True,35,10,False
P1073,598102_DDD_2014B,M,0.7999,True,True,35,1,False
P1074,492496_DDD_2014J,M,0.9977,True,True,38,1,False
P1075,568774_FFF_2013J,M,0.7998,True,True,39,12,False
P1076,277812_BBB_2013J,F,0.9979,True,True,39,1,False
P1077,604517_CCC_2014B,M,0.9969,True,True,35,2,False
P1078,677221_FFF_2014J,F,0.7998,True,True,39,1,False
P1079,232072_CCC_2014J,M,0.9968,True,True,39,1,False
P1080,2612483_BBB_2013B,F,0.9962,True,True,35,1,False
P1081,416700_GGG_2014J,M,0.9981,True,True,39,1,False
P1082,620283_BBB_2014B,F,0.8181,True,False,34,3,False
P1083,2232340_DDD_2014J,M,0.7989,True,True,38,1,True
P1084,551334_DDD_2013B,F,0.9916,True,True,35,1,False
P1085,567888_CCC_2014J,M,0.9948,True,True,39,1,False
P1086,479347_DDD_2013B,M,0.9971,True,True,35,1,False
P1087,644480_CCC_2014J,F,0.997,True,True,39,1,False
P1088,2251500_BBB_2014J,M,0.9704,True,True,38,1,True
P1089,546584_DDD_2014B,M,0.8523,True,True,35,26,False
P1090,580916_DDD_2013J,F,0.9974,True,True,38,1,False
P1091,605836_EEE_2014J,M,0.7998,True,True,39,1,False
P1092,566428_EEE_2014J,M,0.9991,True,True,39,1,False
P1093,582250_GGG_2013J,F,0.8281,True,True,38,14,False
P1094,2391004_CCC_2014B,M,0.9974,True,True,35,1,False
P1095,546293_DDD_2013J,M,0.9687,True,True,38,6,False
P1096,71676_DDD_2014J,F,0.9276,True,True,38,18,False
P1097,387507_FFF_2013J,M,0.9992,True,True,39,1,False
P1098,675760_CCC_2014J,F,0.9938,True,True,39,1,False
P1099,1828753_CCC_2014J,M,0.9969,True,True,39,1,False
P1100,571640_DDD_2013J,M,0.862,True,True,38,8,False
P1101,541783_FFF_2013J,M,0.9994,True,True,39,1,False
P1102,605974_FFF_2013J,M,0.7998,True,True,39,1,False
P1103,574320_BBB_2013J,M,0.9966,True,True,39,1,False
P1104,231339_EEE_2014B,F,0.9964,True,True,35,1,False
P1105,511228_GGG_2014B,F,0.8498,True,True,35,4,False
P1106,558747_BBB_2013B,F,0.9471,True,True,35,25,False
P1107,642083_BBB_2014J,F,0.9925,True,True,38,1,False
P1108,67539_EEE_2014J,M,0.9981,True,True,39,1,False
P1109,258840_BBB_2014J,F,0.9954,True,True,38,2,False
P1110,414963_DDD_2014J,F,0.8194,True,True,38,29,False
P1111,387289_DDD_2013B,M,0.9926,True,True,35,3,False
P1112,474133_DDD_2013B,M,0.8494,True,True,35,24,False
P1113,629202_EEE_2014B,M,0.8519,True,True,35,15,False
P1114,608263_GGG_2014B,F,0.9977,True,True,35,1,False
P1115,377846_BBB_2013B,M,0.9974,True,True,35,1,False
P1116,647425_FFF_2014J,F,0.7999,True,True,39,1,False
P1117,609864_BBB_2013J,F,0.9979,True,True,39,1,False
P1118,627417_CCC_2014J,F,0.9981,True,True,39,1,False
P1119,655498_EEE_2014J,F,0.9974,True,True,39,1,False
P1120,618824_EEE_2014B,F,0.992,True,True,35,2,False
P1121,632645_DDD_2014J,F,0.837,True,True,38,5,False
P1122,630606_CCC_2014B,M,0.7999,True,True,35,1,False
P1123,266286_DDD_2013J,F,0.7999,True,True,38,1,False
P1124,2539641_BBB_2014B,M,0.9496,True,True,34,10,False
P1125,656253_BBB_2014J,F,0.9725,True,True,38,10,False
P1126,602777_FFF_2013J,M,0.9986,True,True,39,1,False
P1127,685436_GGG_2014J,F,0.8448,True,True,39,1,True
P1128,616794_FFF_2014B,M,0.9708,True,True,35,8,False
P1129,424220_BBB_2014J,M,0.9961,True,True,38,2,False
P1130,623511_CCC_2014J,M,0.995,True,True,39,1,False
P1131,371831_DDD_2013B,F,0.9246,True,True,35,16,False
P1132,366424_EEE_2014B,F,0.9964,True,True,35,1,False
P1133,2377769_DDD_2013J,F,0.9141,True,True,38,30,False
P1134,556165_DDD_2013B,M,0.9358,True,True,35,28,False
P1135,610279_CCC_2014J,M,0.9979,True,True,39,1,False
P1136,2549939_DDD_2013B,F,0.9964,True,True,35,1,False
P1137,549872_DDD_2013B,M,0.9952,True,True,35,1,False
P1138,684833_BBB_2014J,F,0.9957,True,True,38,1,False
P1139,652267_DDD_2014J,F,0.9986,True,True,38,1,False
P1140,653384_BBB_2014J,F,0.9961,True,True,38,1,False
P1141,655890_CCC_2014J,F,0.7998,True,True,39,1,False
P1142,533988_DDD_2013J,M,0.8548,True,True,38,29,False
P1143,573549_FFF_2014B,M,0.7999,True,True,35,2,False
P1144,1925789_DDD_2014J,M,0.9205,True,True,38,16,False
P1145,261495_DDD_2013J,F,0.7992,True,True,38,3,False
P1146,585644_BBB_2013J,M,0.9799,True,True,39,2,False
P1147,569857_DDD_2013J,M,0.9178,True,True,38,28,False
P1148,2642616_AAA_2014J,F,0.9891,True,True,39,2,False
P1149,562585_CCC_2014B,F,0.999,True,True,35,1,False
P1150,685964_DDD_2014J,M,0.9515,True,True,38,15,False
P1151,524407_FFF_2013J,M,0.992,True,True,39,1,False
P1152,479061_FFF_2014B,M,0.9978,True,True,35,1,False
P1153,286658_CCC_2014J,F,0.9918,True,True,39,3,False
P1154,440331_DDD_2014B,F,0.891,True,True,35,27,False
P1155,508573_GGG_2014B,F,0.8232,True,True,35,30,False
P1156,622208_BBB_2014B,F,0.9687,True,True,34,1,True
P1157,98094_AAA_2013J,M,0.7993,True,True,39,3,False
P1158,561979_BBB_2014J,F,0.9585,True,True,38,11,False
P1159,600509_EEE_2013J,M,0.9991,True,True,39,1,False
P1160,2197766_FFF_2014J,F,0.9648,True,True,39,8,False
P1161,514277_DDD_2014J,F,0.8778,True,True,38,16,False
P1162,487002_BBB_2014B,F,0.8068,True,True,34,16,False
P1163,490082_FFF_2013B,F,0.9961,True,True,35,2,False
P1164,504013_BBB_2013J,F,0.9292,True,True,39,12,False
P1165,631542_GGG_2014B,M,0.9264,True,True,35,13,False
P1166,627270_BBB_2014B,F,0.9614,True,True,34,16,False
P1167,554580_GGG_2014J,M,0.9748,True,True,39,21,False
P1168,633695_CCC_2014B,M,0.9976,True,True,35,1,False
P1169,689759_DDD_2014J,M,0.9982,True,True,38,1,False
P1170,618663_FFF_2014J,F,0.9983,True,True,39,1,False
P1171,433531_BBB_2013B,F,0.9505,True,True,35,9,False
P1172,554374_BBB_2013B,F,0.8793,True,True,35,18,False
P1173,494471_BBB_2013J,F,0.8243,True,True,39,17,False
P1174,596847_BBB_2013J,F,0.9598,True,True,39,10,False
P1175,691514_BBB_2014J,F,0.992,True,True,38,2,False
P1176,204725_CCC_2014B,M,0.9977,True,True,35,1,False
P1177,611268_BBB_2014J,F,0.9931,True,True,38,1,False
P1178,1677677_FFF_2014J,F,0.8,True,True,39,2,False
P1179,2172709_DDD_2014J,M,0.9526,True,True,38,9,False
P1180,1533277_BBB_2014J,F,0.9104,True,True,38,19,False
P1181,520972_BBB_2014J,F,0.9903,True,True,38,2,False
P1182,635591_BBB_2014B,F,0.9815,True,True,34,9,False
P1183,2521865_AAA_2014J,F,0.9959,True,True,39,1,False
P1184,485544_FFF_2013B,M,0.9948,True,True,35,1,False
P1185,521614_CCC_2014B,M,0.7998,True,True,35,5,False
P1186,646489_DDD_2014J,F,0.9077,True,True,38,27,False
P1187,1917311_DDD_2014J,M,0.8651,True,True,38,8,False
P1188,630912_FFF_2014B,M,0.9966,True,True,35,1,False
P1189,589950_BBB_2013J,F,0.998,True,True,39,1,False
P1190,557237_DDD_2014J,M,0.9242,True,True,38,1,True
P1191,588442_EEE_2013J,M,0.9987,True,True,39,1,False
P1192,647215_DDD_2014J,F,0.998,True,True,38,1,False
P1193,694428_FFF_2014J,M,0.9984,True,True,39,1,False
P1194,63400_AAA_2013J,M,0.9974,True,True,39,1,False
P1195,2232340_DDD_2014J,M,0.7995,True,True,38,1,True
P1196,53166_FFF_2013J,F,0.9987,True,True,39,1,False
P1197,432862_DDD_2013J,F,0.9569,True,True,38,14,False
P1198,2255601_AAA_2013J,F,0.9365,True,True,39,10,False
P1199,570627_BBB_2014B,F,0.8,True,True,34,1,False
P1200,504022_BBB_2013J,F,0.9509,True,True,39,7,False
P1201,417724_CCC_2014J,M,0.9989,True,True,39,1,False
P1202,680862_BBB_2014J,F,0.9631,True,True,38,15,False
P1203,486994_BBB_2014B,F,0.998,True,True,34,1,False
P1204,522446_BBB_2013J,F,0.9986,True,True,39,1,False
P1205,419517_DDD_2013J,M,0.9503,True,True,38,14,False
P1206,581179_CCC_2014J,M,0.9965,True,True,39,1,False
P1207,569080_CCC_2014B,M,0.8,True,True,35,1,False
P1208,582536_GGG_2013J,F,0.9982,True,True,38,1,False
P1209,612488_BBB_2013J,F,0.82,True,True,39,23,False
P1210,615283_GGG_2014B,F,0.9734,True,True,35,8,False
P1211,549681_EEE_2013J,M,0.9868,True,True,39,2,False
P1212,108859_BBB_2014J,M,0.8516,True,True,38,16,False
P1213,653569_DDD_2014J,F,0.8178,True,True,38,25,False
P1214,627401_CCC_2014J,M,0.9965,True,True,39,1,False
P1215,2346025_BBB_2013J,F,0.9734,True,True,39,2,False
P1216,2424257_FFF_2014J,M,0.9709,True,True,39,4,False
P1217,2686035_FFF_2014J,F,0.9965,True,True,39,1,False
P1218,544587_DDD_2014B,F,0.8308,True,True,35,18,False
P1219,588556_DDD_2013J,M,0.9964,True,True,38,1,False
P1220,692609_BBB_2014J,F,0.9968,True,True,38,1,False
P1221,572281_DDD_2014J,M,0.9873,True,True,38,7,False
P1222,572880_DDD_2013J,F,0.8434,True,True,38,12,False
P1223,560114_CCC_2014B,M,0.7999,True,True,35,1,False
P1224,596759_DDD_2014J,F,0.9976,True,True,38,2,False
P1225,99075_DDD_2014J,M,0.812,True,True,38,1,True
P1226,589509_BBB_2013J,F,0.9989,True,True,39,1,False
P1227,2686536_FFF_2013J,M,0.9987,True,True,39,1,False
P1228,2356809_BBB_2013J,F,0.8002,True,True,39,5,False
P1229,133019_FFF_2013J,M,0.7999,True,True,39,4,False
P1230,338731_CCC_2014B,M,0.7792,True,True,35,20,False
P1231,556774_DDD_2013B,M,0.9093,True,True,35,19,False
P1232,369942_EEE_2014J,M,0.9984,True,True,39,1,False
P1233,401349_BBB_2013B,F,0.987,True,True,35,13,False
P1234,622215_CCC_2014B,F,0.9987,True,True,35,1,False
P1235,623654_BBB_2014B,F,0.9992,True,True,34,1,False
P1236,521164_GGG_2013J,F,0.9447,True,True,38,17,False
P1237,480929_DDD_2013B,M,0.9989,True,True,35,1,False
P1238,33897_DDD_2014J,M,0.9455,True,True,38,16,False
P1239,623689_BBB_2014J,F,0.9614,True,True,38,8,False
P1240,339727_GGG_2013J,F,0.9682,True,True,38,7,False
P1241,567033_BBB_2013J,F,0.9901,True,True,39,2,False
P1242,607638_DDD_2014J,M,0.9722,True,True,38,29,False
P1243,632313_CCC_2014B,M,0.9907,True,True,35,2,False
P1244,557006_BBB_2013B,F,0.9979,True,True,35,1,False
P1245,588231_EEE_2013J,M,0.9982,True,True,39,1,False
P1246,524466_FFF_2013B,M,0.9959,True,True,35,1,False
P1247,561161_BBB_2013B,F,0.9308,True,True,35,10,False
P1248,2251500_BBB_2014J,M,0.899,True,True,38,1,True
P1249,585652_BBB_2013J,M,0.954,True,True,39,8,False
P1250,475981_BBB_2014B,F,0.9528,True,True,34,9,False
P1251,554795_BBB_2013B,F,0.9986,True,True,35,1,False
P1252,567048_BBB_2014B,F,0.9759,True,True,34,22,False
P1253,563787_FFF_2013J,F,0.9606,True,True,39,7,False
P1254,145282_CCC_2014B,M,0.9314,True,True,35,16,False
P1255,1622020_DDD_2013B,M,0.9888,True,True,35,4,False
P1256,682740_DDD_2014J,F,0.9016,True,True,38,28,False
P1257,429833_DDD_2013B,F,0.9978,True,True,35,1,False
P1258,684233_DDD_2014J,M,0.9577,True,True,38,11,False
P1259,622208_BBB_2014B,F,0.9081,True,True,34,1,True
P1260,1948159_FFF_2014J,F,0.9811,True,True,39,2,False
P1261,487278_GGG_2014B,M,0.8874,True,True,35,20,False
P1262,513077_BBB_2014B,F,0.8364,True,True,34,1,True
P1263,656929_EEE_2014J,F,0.9967,True,True,39,2,False
P1264,597740_FFF_2014J,M,0.9996,True,True,39,1,False
P1265,613630_FFF_2014B,F,0.9986,True,True,35,2,False
P1266,399453_DDD_2013J,M,0.9976,True,True,38,1,False
P1267,628616_BBB_2014B,F,0.9874,True,True,34,4,False
P1268,594950_DDD_2014J,M,0.9223,True,True,38,17,False
P1269,624358_DDD_2014B,F,0.9984,True,True,35,1,False
P1270,557085_FFF_2014J,F,0.9989,True,True,39,1,False
P1271,1975209_AAA_2014J,M,0.7998,True,True,39,1,False
P1272,475883_DDD_2013B,M,0.8,True,True,35,1,False
P1273,2677624_AAA_2014J,M,0.9985,True,True,39,1,False
P1274,619055_DDD_2014J,M,0.9961,True,True,38,2,False
P1275,488941_DDD_2014J,M,0.9277,True,True,38,26,False
P1276,384499_DDD_2014J,M,0.8697,True,True,38,26,False
P1277,561312_BBB_2013J,F,0.8676,True,True,39,11,False
P1278,600670_DDD_2014B,F,0.9491,True,True,35,27,False
P1279,575398_CCC_2014J,M,0.9971,True,True,39,1,False
P1280,609019_DDD_2014B,M,0.9979,True,True,35,1,False
P1281,548722_FFF_2013J,F,0.9868,True,True,39,1,False
P1282,286778_FFF_2014J,F,0.9883,True,True,39,1,False
P1283,685436_GGG_2014J,F,0.9616,True,True,39,1,True
P1284,1939695_BBB_2013J,F,0.966,True,True,39,6,False
P1285,634178_DDD_2014B,M,0.8372,True,True,35,11,False
P1286,1951139_CCC_2014B,F,0.9978,True,True,35,1,False
P1287,622208_BBB_2014B,F,0.8915,True,True,34,1,True
P1288,551252_BBB_2014B,F,0.8709,True,True,34,1,True
P1289,191972_DDD_2013B,M,0.8,True,True,35,1,False
P1290,641840_BBB_2014J,M,0.8536,True,True,38,13,False
P1291,545048_FFF_2013B,F,0.9319,True,True,35,6,False
P1292,324282_AAA_2013J,M,0.9166,True,True,39,9,False
P1293,146666_DDD_2013J,F,0.9936,True,True,38,1,False
P1294,679448_FFF_2014J,F,0.9988,True,True,39,1,False
P1295,370375_DDD_2014J,M,0.9121,True,True,38,19,False
P1296,2574909_EEE_2013J,M,0.9929,True,True,39,1,False
P1297,628941_BBB_2014B,M,0.9323,True,True,34,3,False
P1298,684180_AAA_2014J,M,0.9014,True,True,39,10,False
P1299,331156_BBB_2014B,F,0.9777,True,True,34,4,False
P1300,634853_CCC_2014B,M,0.8879,True,True,35,29,False
